<?xml version="1.0" encoding="UTF-8"?>
<project-private xmlns="http://www.netbeans.org/ns/project-private/1">
    <editor-bookmarks xmlns="http://www.netbeans.org/ns/editor-bookmarks/2" lastBookmarkId="0"/>
    <open-files xmlns="http://www.netbeans.org/ns/projectui-open-files/2">
        <group>
            <file>file:/Y:/tugas%20semester%204/koding%20pbo%202/tugas%20besar%20pbo%20agustus%202017/TBesar/src/View/MQy6rhu.jpg</file>
            <file>file:/Y:/tugas%20semester%204/koding%20pbo%202/tugas%20besar%20pbo%20agustus%202017/TBesar/src/View/Intro.java</file>
            <file>file:/Y:/tugas%20semester%204/koding%20pbo%202/tugas%20besar%20pbo%20agustus%202017/TBesar/src/View/VInputPencucian.java</file>
            <file>file:/Y:/tugas%20semester%204/koding%20pbo%202/tugas%20besar%20pbo%20agustus%202017/TBesar/src/View/VCekLaporan.java</file>
            <file>file:/Y:/tugas%20semester%204/koding%20pbo%202/tugas%20besar%20pbo%20agustus%202017/TBesar/src/View/VGantiPassword.java</file>
            <file>file:/Y:/tugas%20semester%204/koding%20pbo%202/tugas%20besar%20pbo%20agustus%202017/TBesar/src/Control/DAO.java</file>
            <file>file:/Y:/tugas%20semester%204/koding%20pbo%202/tugas%20besar%20pbo%20agustus%202017/TBesar/src/Control/ControlLOG.java</file>
            <file>file:/Y:/tugas%20semester%204/koding%20pbo%202/tugas%20besar%20pbo%20agustus%202017/TBesar/src/View/VAdminProfile.java</file>
            <file>file:/Y:/tugas%20semester%204/koding%20pbo%202/tugas%20besar%20pbo%20agustus%202017/TBesar/src/View/VCekBonusCustomer.java</file>
            <file>file:/Y:/tugas%20semester%204/koding%20pbo%202/tugas%20besar%20pbo%20agustus%202017/TBesar/src/View/VHapusDataCustomer.java</file>
            <file>file:/Y:/tugas%20semester%204/koding%20pbo%202/tugas%20besar%20pbo%20agustus%202017/TBesar/src/View/VMenu.java</file>
            <file>file:/Y:/tugas%20semester%204/koding%20pbo%202/tugas%20besar%20pbo%20agustus%202017/TBesar/src/View/VPembayaran.java</file>
            <file>file:/Y:/tugas%20semester%204/koding%20pbo%202/tugas%20besar%20pbo%20agustus%202017/TBesar/src/View/VLogin.java</file>
            <file>file:/Y:/tugas%20semester%204/koding%20pbo%202/tugas%20besar%20pbo%20agustus%202017/TBesar/src/View/VTambahCustomer.java</file>
            <file>file:/Y:/tugas%20semester%204/koding%20pbo%202/tugas%20besar%20pbo%20agustus%202017/TBesar/src/View/VCekMember.java</file>
            <file>file:/Y:/tugas%20semester%204/koding%20pbo%202/tugas%20besar%20pbo%20agustus%202017/TBesar/src/View/VSyaratBonus.java</file>
        </group>
    </open-files>
</project-private>
